<?xml version="1.0" encoding="UTF-8"?><MD_Metadata xmlns:gts="http://www.isotc211.org/2005/gts" xmlns:gco="http://www.isotc211.org/2005/gco" xmlns:xalan="http://xml.apache.org/xalan" xmlns:srv="http://www.isotc211.org/2005/srv" xmlns:gmx="http://www.isotc211.org/2005/gmx" xmlns:xlink="http://www.w3.org/1999/xlink" xmlns:xsi="http://www.w3.org/2001/XMLSchema-instance" xmlns:gml="http://www.opengis.net/gml" xmlns="http://www.isotc211.org/2005/gmd">
    <language>
        <LanguageCode codeList="http://www.loc.gov/standards/iso639-2/php/code_list.php" codeListValue="eng" codeSpace="ISO639-2">eng</LanguageCode>
    </language>
    <characterSet>
        <MD_CharacterSetCode codeList="http://www.isotc211.org/2005/resources/Codelist/gmxCodelists.xml#MD_CharacterSetCode" codeListValue="utf8" codeSpace="ISOTC211/19115">utf8</MD_CharacterSetCode>
    </characterSet>
    <hierarchyLevel>
        <MD_ScopeCode codeList="http://www.isotc211.org/2005/resources/Codelist/gmxCodelists.xml#MD_ScopeCode" codeListValue="dataset" codeSpace="ISOTC211/19115">dataset</MD_ScopeCode>
    </hierarchyLevel>
    <hierarchyLevelName>
        <gco:CharacterString>dataset</gco:CharacterString>
    </hierarchyLevelName>
    <contact>
        <CI_ResponsibleParty>
            <individualName>
                <gco:CharacterString>Tom Dobbs</gco:CharacterString>
            </individualName>
            <organisationName>
                <gco:CharacterString>BC GIS</gco:CharacterString>
            </organisationName>
            <contactInfo>
                <CI_Contact>
                    <phone>
                        <CI_Telephone>
                            <voice>
                                <gco:CharacterString>9543576680</gco:CharacterString>
                            </voice>
                        </CI_Telephone>
                    </phone>
                    <address>
                        <CI_Address>
                            <deliveryPoint>
                                <gco:CharacterString>115 S Andrews</gco:CharacterString>
                            </deliveryPoint>
                            <city>
                                <gco:CharacterString>FTL</gco:CharacterString>
                            </city>
                            <administrativeArea>
                                <gco:CharacterString>FL</gco:CharacterString>
                            </administrativeArea>
                            <postalCode>
                                <gco:CharacterString>33301</gco:CharacterString>
                            </postalCode>
                            <electronicMailAddress>
                                <gco:CharacterString>tdobbs@broward.org</gco:CharacterString>
                            </electronicMailAddress>
                        </CI_Address>
                    </address>
                </CI_Contact>
            </contactInfo>
            <role>
                <CI_RoleCode codeList="http://www.isotc211.org/2005/resources/Codelist/gmxCodelists.xml#CI_RoleCode" codeListValue="originator" codeSpace="ISOTC211/19115">originator</CI_RoleCode>
            </role>
        </CI_ResponsibleParty>
    </contact>
    <dateStamp>
        <gco:Date>2020-01-14</gco:Date>
    </dateStamp>
    <metadataStandardName>
        <gco:CharacterString>ISO 19139 Geographic Information - Metadata - Implementation Specification</gco:CharacterString>
    </metadataStandardName>
    <metadataStandardVersion>
        <gco:CharacterString>2007</gco:CharacterString>
    </metadataStandardVersion>
    <spatialRepresentationInfo>
        <MD_VectorSpatialRepresentation>
            <topologyLevel>
                <MD_TopologyLevelCode codeList="http://www.isotc211.org/2005/resources/Codelist/gmxCodelists.xml#MD_TopologyLevelCode" codeListValue="geometryOnly" codeSpace="ISOTC211/19115">geometryOnly</MD_TopologyLevelCode>
            </topologyLevel>
            <geometricObjects>
                <MD_GeometricObjects>
                    <geometricObjectType>
                        <MD_GeometricObjectTypeCode codeList="http://www.isotc211.org/2005/resources/Codelist/gmxCodelists.xml#MD_GeometricObjectTypeCode" codeListValue="composite" codeSpace="ISOTC211/19115">composite</MD_GeometricObjectTypeCode>
                    </geometricObjectType>
                    <geometricObjectCount>
                        <gco:Integer>89</gco:Integer>
                    </geometricObjectCount>
                </MD_GeometricObjects>
            </geometricObjects>
        </MD_VectorSpatialRepresentation>
    </spatialRepresentationInfo>
    <referenceSystemInfo>
        <MD_ReferenceSystem>
            <referenceSystemIdentifier>
                <RS_Identifier>
                    <code>
                        <gco:CharacterString>2881</gco:CharacterString>
                    </code>
                    <codeSpace>
                        <gco:CharacterString>EPSG</gco:CharacterString>
                    </codeSpace>
                    <version>
                        <gco:CharacterString>8.9.3(9.0.0)</gco:CharacterString>
                    </version>
                </RS_Identifier>
            </referenceSystemIdentifier>
        </MD_ReferenceSystem>
    </referenceSystemInfo>
    <identificationInfo>
        <MD_DataIdentification>
            <citation>
                <CI_Citation>
                    <title>
                        <gco:CharacterString>Broward_County_Cities</gco:CharacterString>
                    </title>
                    <alternateTitle>
                        <gco:CharacterString>municipalities</gco:CharacterString>
                    </alternateTitle>
                    <date>
                        <CI_Date>
                            <date>
                                <gco:Date>2013-10-23</gco:Date>
                            </date>
                            <dateType>
                                <CI_DateTypeCode codeList="http://www.isotc211.org/2005/resources/Codelist/gmxCodelists.xml#CI_DateTypeCode" codeListValue="publication" codeSpace="ISOTC211/19115">publication</CI_DateTypeCode>
                            </dateType>
                        </CI_Date>
                    </date>
                    <editionDate>
                        <gco:Date>2014-09-15</gco:Date>
                    </editionDate>
                    <presentationForm>
                        <CI_PresentationFormCode codeList="http://www.isotc211.org/2005/resources/Codelist/gmxCodelists.xml#CI_PresentationFormCode" codeListValue="mapDigital" codeSpace="ISOTC211/19115">mapDigital</CI_PresentationFormCode>
                    </presentationForm>
                    <otherCitationDetails>
                        <gco:CharacterString>representation of county municipal boundaries.  Not intended for legal boundary determinations.</gco:CharacterString>
                    </otherCitationDetails>
                    <collectiveTitle>
                        <gco:CharacterString>City Boundaries</gco:CharacterString>
                    </collectiveTitle>
                </CI_Citation>
            </citation>
            <abstract>
                <gco:CharacterString>A geographic depiction of city boundaries in Broward County, Florida. City boundary data was last updated April 13th, 2021 and previously on February 22, 2021. A small edit was made between Tamarac and Fort Lauderdale just SW of the Executive Airport. In February adjustments were made between Pembroke Pines, Southwest Ranches and Cooper City where their geographies are coincidence and are meant to follow the northern boundaries of STR geography. Prior to this edit, the City of Coral Springs had annexed four parcels of land from unincorporated Broward County; Ordinances 2018-014 (1 parcel) and 2018-036 (3 parcels), effective Sept 15, 2019. Previously in May 2019, a correction was made to the boundaries of Southwest Ranches and Pembroke Pines at Dykes Road and Sheraton, just north of Sheraton, on the west side of Dykes. Prior to this change, a correction was made to the Lauderhill boundary at the Florida Turnpike interchange located at the Sunrise Blvd entrance on the east side of the turnpike in April 2019; the 1959 Lauderhill incorporation legal description, (Laws of Florida 59-1478) left this thirteen acre area as unincorporated. A 1994 boundary change between Plantation and Lauderhill, (Laws of Florida 94-427) de-annexed five parcels from Plantation and annexed them to Lauderhill in this area. However in 1996, Broward County's Strategic Planning and Growth Management Department made available data sets provided by Broward County’s Planning and Information Technology Division via a CD. This data set depicted this unincorporated area as being part of Lauderhill. This depiction remained such until a boundary adjustment in 2006-2007 incorrectly depicted this as being part of Plantation. In 2009 Broward County was made aware of this error and adjusted it partially using the CD boundary as a template. This resulted in the area being incorrectly assigned to Lauderhill. In September of 2018, Lauderhill revisited this boundary depiction by the County and in 2019 it was concluded this area is unincorporated following the 1959 and the 1994 boundary adjustment legal descriptions. Prior to April 2019 there were other edits. The previous update of the data was Nov 7th, 2018, adusting the boundaries between Weston and Town of Davie to agree with House Bill 0871 which redefined a small area of their adjoining boundaries in the area of Weston Road and I-75. In July 2018, adjustments were made to the City of Margate to align with a city boundary shape file and written legal description as provided by John Shelton, GIS, City of Margate. The previous update was January 17th, 2018, correcting an unincorporated boundary line of the Triple H Ranch plat area within Parkland. This also reflects an adjustment made to Pembroke Pines southwest boundary between the Turnpike and SR 27 and the Sept 15th 2016 annexations of County unincorporated lands by Parkland. (City Ord 2016-06) and Coconut Creek (City Ord. 2015-027).Also a correction to the Hollywood/Davie boundary in the vicinity of Davie Blvd Ext and N 66 Ave and Oak St, per the City of Hollywood. Recent past boundary changes include annexations of county land to Pembroke Pines and Cooper City in 2015. And a Weston-Davie boundary adjustment in 2015; HB 871. And a July 2015 official resurvey of the City of Fort Lauderdale's boundaries which thus included adjustments to Oakland Park and Pompano Beach boundaries, (F. Gulliano, BC Engineering, M. Donaldson PSM, Fort Lauderdale). Also in 2015, a boundary adjustment was made to the eastern most boundary of Pompano Beach to match it to a more accurate depiction of the coastal erosion line by Broward County; (requested by the city to match their legal description). Further back, the were annexations for Parkland (2013) and Sunrise (Nov 2012) and updates to Lauderdale Lakes (per J. Petrov - BC Engineering 2012) and Plantation (I Reyes, GIS - Plantation 2012). 

 

Source: BCGIS

Effective Date: 

Last Update: 04/15/2021

Update Cycle: As needed.</gco:CharacterString>
            </abstract>
            <purpose>
                <gco:CharacterString>A general delineation of city limits of all municipalities and unincorporated areas in Broward County, Florida.</gco:CharacterString>
            </purpose>
            <credit>
                <gco:CharacterString>BCGIS</gco:CharacterString>
            </credit>
            <status>
                <MD_ProgressCode codeList="http://www.isotc211.org/2005/resources/Codelist/gmxCodelists.xml#MD_ProgressCode" codeListValue="onGoing" codeSpace="ISOTC211/19115">onGoing</MD_ProgressCode>
            </status>
            <pointOfContact>
                <CI_ResponsibleParty>
                    <organisationName>
                        <gco:CharacterString>BC GIS</gco:CharacterString>
                    </organisationName>
                    <contactInfo>
                        <CI_Contact>
                            <address>
                                <CI_Address>
                                    <electronicMailAddress>
                                        <gco:CharacterString>tdobbs@broward.org</gco:CharacterString>
                                    </electronicMailAddress>
                                </CI_Address>
                            </address>
                        </CI_Contact>
                    </contactInfo>
                    <role>
                        <CI_RoleCode codeList="http://www.isotc211.org/2005/resources/Codelist/gmxCodelists.xml#CI_RoleCode" codeListValue="pointOfContact" codeSpace="ISOTC211/19115">pointOfContact</CI_RoleCode>
                    </role>
                </CI_ResponsibleParty>
            </pointOfContact>
            <resourceMaintenance>
                <MD_MaintenanceInformation>
                    <maintenanceAndUpdateFrequency>
                        <MD_MaintenanceFrequencyCode codeList="http://www.isotc211.org/2005/resources/Codelist/gmxCodelists.xml#MD_MaintenanceFrequencyCode" codeListValue="asNeeded" codeSpace="ISOTC211/19115">asNeeded</MD_MaintenanceFrequencyCode>
                    </maintenanceAndUpdateFrequency>
                </MD_MaintenanceInformation>
            </resourceMaintenance>
            <descriptiveKeywords>
                <MD_Keywords>
                    <keyword>
                        <gco:CharacterString>municipal boundaries</gco:CharacterString>
                    </keyword>
                    <type>
                        <MD_KeywordTypeCode codeList="http://www.isotc211.org/2005/resources/Codelist/gmxCodelists.xml#MD_KeywordTypeCode" codeListValue="theme" codeSpace="ISOTC211/19115">theme</MD_KeywordTypeCode>
                    </type>
                </MD_Keywords>
            </descriptiveKeywords>
            <descriptiveKeywords>
                <MD_Keywords>
                    <keyword>
                        <gco:CharacterString>002</gco:CharacterString>
                    </keyword>
                    <thesaurusName>
                        <CI_Citation>
                            <title gco:nilReason="missing"/>
                            <date gco:nilReason="missing"/>
                        </CI_Citation>
                    </thesaurusName>
                </MD_Keywords>
            </descriptiveKeywords>
            <descriptiveKeywords>
                <MD_Keywords>
                    <keyword>
                        <gco:CharacterString>Downloadable Data</gco:CharacterString>
                    </keyword>
                    <thesaurusName uuidref="723f6998-058e-11dc-8314-0800200c9a66"/>
                </MD_Keywords>
            </descriptiveKeywords>
            <resourceConstraints>
                <MD_Constraints>
                    <useLimitation>
                        <gco:CharacterString>Broward County Terms of Use - http://www.broward.org/Terms/Pages/Default.aspx</gco:CharacterString>
                    </useLimitation>
                </MD_Constraints>
            </resourceConstraints>
            <resourceConstraints>
                <MD_LegalConstraints>
                    <useLimitation>
                        <gco:CharacterString>representative data</gco:CharacterString>
                    </useLimitation>
                    <accessConstraints>
                        <MD_RestrictionCode codeList="http://www.isotc211.org/2005/resources/Codelist/gmxCodelists.xml#MD_RestrictionCode" codeListValue="intellectualPropertyRights" codeSpace="ISOTC211/19115">intellectualPropertyRights</MD_RestrictionCode>
                    </accessConstraints>
                    <useConstraints>
                        <MD_RestrictionCode codeList="http://www.isotc211.org/2005/resources/Codelist/gmxCodelists.xml#MD_RestrictionCode" codeListValue="intellectualPropertyRights" codeSpace="ISOTC211/19115">intellectualPropertyRights</MD_RestrictionCode>
                    </useConstraints>
                </MD_LegalConstraints>
            </resourceConstraints>
            <resourceConstraints>
                <MD_LegalConstraints>
                    <useConstraints>
                        <MD_RestrictionCode codeList="http://www.isotc211.org/2005/resources/Codelist/gmxCodelists.xml#MD_RestrictionCode" codeListValue="otherRestrictions" codeSpace="ISOTC211/19115">otherRestrictions</MD_RestrictionCode>
                    </useConstraints>
                    <otherConstraints>
                        <gco:CharacterString>not intended for legal boundary determinations</gco:CharacterString>
                    </otherConstraints>
                </MD_LegalConstraints>
            </resourceConstraints>
            <spatialRepresentationType>
                <MD_SpatialRepresentationTypeCode codeList="http://www.isotc211.org/2005/resources/Codelist/gmxCodelists.xml#MD_SpatialRepresentationTypeCode" codeListValue="vector" codeSpace="ISOTC211/19115">vector</MD_SpatialRepresentationTypeCode>
            </spatialRepresentationType>
            <language>
                <LanguageCode codeList="http://www.loc.gov/standards/iso639-2/php/code_list.php" codeListValue="eng" codeSpace="ISO639-2">eng</LanguageCode>
            </language>
            <characterSet>
                <MD_CharacterSetCode codeList="http://www.isotc211.org/2005/resources/Codelist/gmxCodelists.xml#MD_CharacterSetCode" codeListValue="utf8" codeSpace="ISOTC211/19115">utf8</MD_CharacterSetCode>
            </characterSet>
            <topicCategory>
                <MD_TopicCategoryCode>boundaries</MD_TopicCategoryCode>
            </topicCategory>
            <environmentDescription>
                <gco:CharacterString> Version 6.2 (Build 9200) ; Esri ArcGIS 10.6.1.9270</gco:CharacterString>
            </environmentDescription>
            <extent>
                <EX_Extent>
                    <description>
                        <gco:CharacterString>urban area of broward county</gco:CharacterString>
                    </description>
                    <geographicElement>
                        <EX_GeographicBoundingBox>
                            <extentTypeCode>
                                <gco:Boolean>true</gco:Boolean>
                            </extentTypeCode>
                            <westBoundLongitude>
                                <gco:Decimal>-80.449787</gco:Decimal>
                            </westBoundLongitude>
                            <eastBoundLongitude>
                                <gco:Decimal>-80.074546</gco:Decimal>
                            </eastBoundLongitude>
                            <southBoundLatitude>
                                <gco:Decimal>25.955009</gco:Decimal>
                            </southBoundLatitude>
                            <northBoundLatitude>
                                <gco:Decimal>26.356164</gco:Decimal>
                            </northBoundLatitude>
                        </EX_GeographicBoundingBox>
                    </geographicElement>
                    <temporalElement>
                        <EX_TemporalExtent>
                            <extent>
                                <gml:TimePeriod gml:id="N67196">
                                    <gml:beginPosition>2013-10-23T00:00:00</gml:beginPosition>
                                    <gml:endPosition indeterminatePosition="unknown"/>
                                </gml:TimePeriod>
                            </extent>
                        </EX_TemporalExtent>
                    </temporalElement>
                </EX_Extent>
            </extent>
        </MD_DataIdentification>
    </identificationInfo>
    <distributionInfo>
        <MD_Distribution>
            <distributionFormat>
                <MD_Format>
                    <name>
                        <gco:CharacterString>Feature Class</gco:CharacterString>
                    </name>
                    <version>
                        <gco:CharacterString>representative polygons</gco:CharacterString>
                    </version>
                </MD_Format>
            </distributionFormat>
            <distributor>
                <MD_Distributor>
                    <distributorContact gco:nilReason="missing"/>
                    <distributorFormat>
                        <MD_Format>
                            <name>
                                <gco:CharacterString>Feature Class</gco:CharacterString>
                            </name>
                            <version gco:nilReason="missing"/>
                        </MD_Format>
                    </distributorFormat>
                    <distributorTransferOptions>
                        <MD_DigitalTransferOptions/>
                    </distributorTransferOptions>
                </MD_Distributor>
            </distributor>
        </MD_Distribution>
    </distributionInfo>
</MD_Metadata>
